EmployeeID,Attrition,Binary value
1,No,0
2,Yes,1
3,No,0
4,No,0
5,No,0
6,No,0
7,Yes,1
8,No,0
9,No,0
10,No,0
11,No,0
12,No,0
13,No,0
14,Yes,1
15,No,0
16,No,0
17,No,0
18,No,0
19,No,0
20,No,0
21,No,0
22,No,0
23,No,0
24,No,0
25,No,0
26,No,0
27,No,0
28,No,0
29,Yes,1
30,No,0
31,Yes,1
32,No,0
33,No,0
34,No,0
35,No,0
36,Yes,1
37,No,0
38,No,0
39,Yes,1
40,No,0
41,No,0
42,No,0
43,No,0
44,No,0
45,No,0
46,No,0
47,No,0
48,No,0
49,No,0
50,No,0
51,No,0
52,No,0
53,No,0
54,No,0
55,No,0
56,No,0
57,No,0
58,No,0
59,No,0
60,Yes,1
61,No,0
62,No,0
63,No,0
64,No,0
65,No,0
66,Yes,1
67,No,0
68,No,0
69,No,0
70,Yes,1
71,No,0
72,No,0
73,No,0
74,No,0
75,No,0
76,No,0
77,No,0
78,No,0
79,Yes,1
80,No,0
81,No,0
82,No,0
83,No,0
84,No,0
85,No,0
86,No,0
87,No,0
88,No,0
89,No,0
90,No,0
91,No,0
92,No,0
93,No,0
94,No,0
95,No,0
96,No,0
97,No,0
98,No,0
99,No,0
100,Yes,1
101,No,0
102,No,0
103,No,0
104,No,0
105,No,0
106,Yes,1
107,No,0
108,No,0
109,Yes,1
110,No,0
111,Yes,1
112,No,0
113,Yes,1
114,No,0
115,No,0
116,No,0
117,No,0
118,No,0
119,No,0
120,No,0
121,Yes,1
122,No,0
123,No,0
124,No,0
125,Yes,1
126,No,0
127,No,0
128,Yes,1
129,No,0
130,No,0
131,No,0
132,No,0
133,No,0
134,No,0
135,No,0
136,No,0
137,No,0
138,No,0
139,No,0
140,No,0
141,No,0
142,No,0
143,No,0
144,No,0
145,No,0
146,No,0
147,No,0
148,Yes,1
149,No,0
150,No,0
151,No,0
152,No,0
153,No,0
154,No,0
155,No,0
156,No,0
157,Yes,1
158,Yes,1
159,No,0
160,No,0
161,No,0
162,No,0
163,No,0
164,Yes,1
165,Yes,1
166,No,0
167,No,0
168,No,0
169,No,0
170,No,0
171,No,0
172,No,0
173,No,0
174,No,0
175,No,0
176,No,0
177,No,0
178,Yes,1
179,Yes,1
180,No,0
181,No,0
182,Yes,1
183,Yes,1
184,No,0
185,No,0
186,Yes,1
187,No,0
188,No,0
189,No,0
190,No,0
191,No,0
192,No,0
193,No,0
194,No,0
195,No,0
196,Yes,1
197,No,0
198,No,0
199,No,0
200,Yes,1
201,No,0
202,No,0
203,No,0
204,No,0
205,No,0
206,Yes,1
207,No,0
208,No,0
209,No,0
210,No,0
211,No,0
212,Yes,1
213,No,0
214,No,0
215,No,0
216,No,0
217,No,0
218,No,0
219,No,0
220,No,0
221,No,0
222,Yes,1
223,Yes,1
224,No,0
225,Yes,1
226,No,0
227,No,0
228,No,0
229,No,0
230,No,0
231,No,0
232,No,0
233,No,0
234,No,0
235,No,0
236,No,0
237,No,0
238,Yes,1
239,No,0
240,No,0
241,No,0
242,No,0
243,No,0
244,No,0
245,No,0
246,No,0
247,Yes,1
248,No,0
249,No,0
250,No,0
251,No,0
252,No,0
253,No,0
254,No,0
255,No,0
256,Yes,1
257,Yes,1
258,No,0
259,No,0
260,No,0
261,No,0
262,No,0
263,No,0
264,No,0
265,No,0
266,No,0
267,No,0
268,Yes,1
269,No,0
270,No,0
271,Yes,1
272,No,0
273,No,0
274,No,0
275,No,0
276,No,0
277,No,0
278,No,0
279,No,0
280,No,0
281,No,0
282,No,0
283,Yes,1
284,No,0
285,No,0
286,No,0
287,No,0
288,No,0
289,No,0
290,Yes,1
291,No,0
292,No,0
293,No,0
294,No,0
295,No,0
296,No,0
297,No,0
298,No,0
299,No,0
300,No,0
301,No,0
302,No,0
303,No,0
304,No,0
305,Yes,1
306,No,0
307,No,0
308,No,0
309,Yes,1
310,No,0
311,Yes,1
312,No,0
313,No,0
314,No,0
315,No,0
316,Yes,1
317,No,0
318,No,0
319,No,0
320,No,0
321,No,0
322,No,0
323,No,0
324,No,0
325,No,0
326,No,0
327,No,0
328,Yes,1
329,No,0
330,No,0
331,No,0
332,Yes,1
333,No,0
334,Yes,1
335,No,0
336,No,0
337,No,0
338,Yes,1
339,No,0
340,No,0
341,Yes,1
342,No,0
343,No,0
344,No,0
345,No,0
346,No,0
347,No,0
348,No,0
349,No,0
350,Yes,1
351,Yes,1
352,No,0
353,No,0
354,No,0
355,No,0
356,No,0
357,Yes,1
358,No,0
359,No,0
360,No,0
361,No,0
362,No,0
363,No,0
364,No,0
365,No,0
366,No,0
367,No,0
368,No,0
369,No,0
370,No,0
371,No,0
372,No,0
373,No,0
374,No,0
375,No,0
376,No,0
377,No,0
378,No,0
379,Yes,1
380,No,0
381,No,0
382,No,0
383,No,0
384,No,0
385,No,0
386,No,0
387,No,0
388,Yes,1
389,No,0
390,No,0
391,No,0
392,No,0
393,No,0
394,No,0
395,No,0
396,No,0
397,No,0
398,No,0
399,Yes,1
400,No,0
401,No,0
402,No,0
403,Yes,1
404,No,0
405,Yes,1
406,Yes,1
407,No,0
408,No,0
409,Yes,1
410,Yes,1
411,No,0
412,Yes,1
413,No,0
414,No,0
415,No,0
416,No,0
417,No,0
418,No,0
419,No,0
420,No,0
421,No,0
422,No,0
423,No,0
424,No,0
425,No,0
426,Yes,1
427,No,0
428,No,0
429,No,0
430,No,0
431,Yes,1
432,Yes,1
433,No,0
434,No,0
435,No,0
436,Yes,1
437,No,0
438,Yes,1
439,No,0
440,No,0
441,No,0
442,No,0
443,Yes,1
444,No,0
445,No,0
446,No,0
447,No,0
448,No,0
449,Yes,1
450,No,0
451,No,0
452,Yes,1
453,No,0
454,Yes,1
455,No,0
456,No,0
457,No,0
458,No,0
459,No,0
460,No,0
461,No,0
462,No,0
463,Yes,1
464,No,0
465,No,0
466,No,0
467,No,0
468,Yes,1
469,No,0
470,No,0
471,No,0
472,No,0
473,No,0
474,Yes,1
475,Yes,1
476,No,0
477,No,0
478,No,0
479,No,0
480,No,0
481,No,0
482,No,0
483,No,0
484,No,0
485,No,0
486,No,0
487,Yes,1
488,No,0
489,No,0
490,No,0
491,Yes,1
492,Yes,1
493,No,0
494,No,0
495,Yes,1
496,No,0
497,No,0
498,No,0
499,No,0
500,No,0
501,No,0
502,No,0
503,No,0
504,Yes,1
505,Yes,1
506,No,0
507,No,0
508,No,0
509,No,0
510,No,0
511,No,0
512,No,0
513,No,0
514,No,0
515,No,0
516,No,0
517,No,0
518,No,0
519,Yes,1
520,Yes,1
521,No,0
522,Yes,1
523,Yes,1
524,No,0
525,No,0
526,No,0
527,No,0
528,No,0
529,No,0
530,No,0
531,No,0
532,Yes,1
533,No,0
534,Yes,1
535,Yes,1
536,No,0
537,No,0
538,No,0
539,Yes,1
540,Yes,1
541,Yes,1
542,No,0
543,Yes,1
544,Yes,1
545,No,0
546,No,0
547,No,0
548,No,0
549,No,0
550,No,0
551,No,0
552,No,0
553,No,0
554,No,0
555,No,0
556,Yes,1
557,No,0
558,No,0
559,No,0
560,No,0
561,No,0
562,No,0
563,No,0
564,No,0
565,No,0
566,No,0
567,No,0
568,No,0
569,No,0
570,No,0
571,Yes,1
572,Yes,1
573,No,0
574,Yes,1
575,No,0
576,No,0
577,No,0
578,No,0
579,Yes,1
580,No,0
581,Yes,1
582,No,0
583,No,0
584,No,0
585,Yes,1
586,No,0
587,No,0
588,No,0
589,No,0
590,No,0
591,No,0
592,Yes,1
593,No,0
594,No,0
595,No,0
596,No,0
597,No,0
598,No,0
599,No,0
600,Yes,1
601,No,0
602,No,0
603,Yes,1
604,No,0
605,No,0
606,No,0
607,Yes,1
608,No,0
609,No,0
610,No,0
611,No,0
612,No,0
613,No,0
614,Yes,1
615,No,0
616,No,0
617,No,0
618,No,0
619,No,0
620,No,0
621,No,0
622,No,0
623,No,0
624,No,0
625,No,0
626,No,0
627,No,0
628,No,0
629,No,0
630,No,0
631,No,0
632,No,0
633,No,0
634,No,0
635,Yes,1
636,No,0
637,No,0
638,No,0
639,No,0
640,No,0
641,No,0
642,No,0
643,No,0
644,No,0
645,No,0
646,No,0
647,No,0
648,No,0
649,No,0
650,No,0
651,No,0
652,No,0
653,No,0
654,Yes,1
655,No,0
656,Yes,1
657,No,0
658,Yes,1
659,No,0
660,No,0
661,No,0
662,No,0
663,No,0
664,No,0
665,No,0
666,No,0
667,No,0
668,No,0
669,No,0
670,No,0
671,Yes,1
672,No,0
673,No,0
674,No,0
675,Yes,1
676,No,0
677,No,0
678,No,0
679,No,0
680,No,0
681,No,0
682,Yes,1
683,Yes,1
684,No,0
685,No,0
686,No,0
687,No,0
688,No,0
689,Yes,1
690,Yes,1
691,No,0
692,No,0
693,No,0
694,No,0
695,Yes,1
696,Yes,1
697,No,0
698,No,0
699,No,0
700,No,0
701,No,0
702,No,0
703,No,0
704,No,0
705,No,0
706,No,0
707,No,0
708,No,0
709,Yes,1
710,No,0
711,No,0
712,No,0
713,No,0
714,No,0
715,No,0
716,No,0
717,No,0
718,Yes,1
719,No,0
720,No,0
721,No,0
722,No,0
723,Yes,1
724,Yes,1
725,No,0
726,No,0
727,No,0
728,Yes,1
729,No,0
730,No,0
731,No,0
732,No,0
733,No,0
734,No,0
735,No,0
736,No,0
737,No,0
738,No,0
739,No,0
740,Yes,1
741,No,0
742,No,0
743,No,0
744,No,0
745,No,0
746,No,0
747,No,0
748,No,0
749,Yes,1
750,Yes,1
751,No,0
752,No,0
753,No,0
754,No,0
755,Yes,1
756,No,0
757,No,0
758,No,0
759,Yes,1
760,No,0
761,No,0
762,No,0
763,No,0
764,Yes,1
765,No,0
766,No,0
767,No,0
768,No,0
769,No,0
770,No,0
771,No,0
772,No,0
773,No,0
774,Yes,1
775,Yes,1
776,Yes,1
777,No,0
778,No,0
779,Yes,1
780,No,0
781,No,0
782,Yes,1
783,No,0
784,No,0
785,No,0
786,No,0
787,No,0
788,No,0
789,No,0
790,No,0
791,No,0
792,No,0
793,No,0
794,No,0
795,No,0
796,No,0
797,No,0
798,No,0
799,Yes,1
800,Yes,1
801,Yes,1
802,No,0
803,Yes,1
804,No,0
805,No,0
806,No,0
807,No,0
808,No,0
809,No,0
810,No,0
811,Yes,1
812,No,0
813,No,0
814,No,0
815,No,0
816,No,0
817,No,0
818,No,0
819,No,0
820,Yes,1
821,No,0
822,No,0
823,No,0
824,No,0
825,No,0
826,Yes,1
827,No,0
828,Yes,1
829,No,0
830,No,0
831,No,0
832,No,0
833,No,0
834,No,0
835,No,0
836,No,0
837,No,0
838,No,0
839,No,0
840,No,0
841,No,0
842,No,0
843,No,0
844,No,0
845,No,0
846,No,0
847,No,0
848,No,0
849,Yes,1
850,No,0
851,No,0
852,No,0
853,Yes,1
854,Yes,1
855,Yes,1
856,No,0
857,No,0
858,No,0
859,No,0
860,No,0
861,No,0
862,No,0
863,No,0
864,No,0
865,No,0
866,No,0
867,No,0
868,No,0
869,No,0
870,No,0
871,No,0
872,No,0
873,No,0
874,No,0
875,No,0
876,No,0
877,No,0
878,No,0
879,Yes,1
880,No,0
881,No,0
882,No,0
883,No,0
884,No,0
885,No,0
886,No,0
887,No,0
888,No,0
889,No,0
890,No,0
891,No,0
892,No,0
893,No,0
894,No,0
895,No,0
896,Yes,1
897,No,0
898,No,0
899,No,0
900,No,0
901,No,0
902,No,0
903,No,0
904,No,0
905,Yes,1
906,No,0
907,No,0
908,No,0
909,No,0
910,Yes,1
911,No,0
912,No,0
913,No,0
914,Yes,1
915,No,0
916,No,0
917,No,0
918,No,0
919,No,0
920,No,0
921,No,0
922,No,0
923,No,0
924,No,0
925,No,0
926,No,0
927,No,0
928,No,0
929,Yes,1
930,No,0
931,No,0
932,No,0
933,No,0
934,No,0
935,No,0
936,No,0
937,No,0
938,No,0
939,No,0
940,No,0
941,No,0
942,No,0
943,No,0
944,Yes,1
945,No,0
946,No,0
947,Yes,1
948,Yes,1
949,No,0
950,No,0
951,No,0
952,No,0
953,No,0
954,No,0
955,No,0
956,Yes,1
957,No,0
958,No,0
959,No,0
960,No,0
961,No,0
962,No,0
963,No,0
964,No,0
965,Yes,1
966,Yes,1
967,No,0
968,No,0
969,No,0
970,No,0
971,No,0
972,No,0
973,No,0
974,No,0
975,No,0
976,No,0
977,No,0
978,No,0
979,Yes,1
980,Yes,1
981,No,0
982,No,0
983,No,0
984,No,0
985,No,0
986,No,0
987,No,0
988,No,0
989,Yes,1
990,No,0
991,No,0
992,Yes,1
993,No,0
994,No,0
995,No,0
996,No,0
997,No,0
998,Yes,1
999,No,0
1000,Yes,1
1001,No,0
1002,No,0
1003,No,0
1004,No,0
1005,Yes,1
1006,No,0
1007,No,0
1008,No,0
1009,No,0
1010,No,0
1011,No,0
1012,No,0
1013,No,0
1014,Yes,1
1015,No,0
1016,Yes,1
1017,No,0
1018,No,0
1019,No,0
1020,No,0
1021,No,0
1022,Yes,1
1023,No,0
1024,Yes,1
1025,No,0
1026,No,0
1027,No,0
1028,No,0
1029,No,0
1030,No,0
1031,No,0
1032,No,0
1033,Yes,1
1034,Yes,1
1035,No,0
1036,No,0
1037,No,0
1038,No,0
1039,No,0
1040,Yes,1
1041,Yes,1
1042,No,0
1043,No,0
1044,No,0
1045,No,0
1046,No,0
1047,No,0
1048,No,0
1049,No,0
1050,No,0
1051,No,0
1052,No,0
1053,No,0
1054,No,0
1055,Yes,1
1056,Yes,1
1057,No,0
1058,No,0
1059,No,0
1060,No,0
1061,No,0
1062,No,0
1063,No,0
1064,No,0
1065,No,0
1066,No,0
1067,No,0
1068,No,0
1069,Yes,1
1070,No,0
1071,No,0
1072,No,0
1073,No,0
1074,No,0
1075,Yes,1
1076,Yes,1
1077,No,0
1078,No,0
1079,No,0
1080,No,0
1081,Yes,1
1082,Yes,1
1083,No,0
1084,No,0
1085,No,0
1086,No,0
1087,No,0
1088,No,0
1089,No,0
1090,No,0
1091,No,0
1092,No,0
1093,No,0
1094,No,0
1095,No,0
1096,Yes,1
1097,Yes,1
1098,No,0
1099,No,0
1100,No,0
1101,No,0
1102,No,0
1103,No,0
1104,No,0
1105,No,0
1106,No,0
1107,No,0
1108,Yes,1
1109,No,0
1110,No,0
1111,No,0
1112,Yes,1
1113,No,0
1114,No,0
1115,No,0
1116,No,0
1117,No,0
1118,Yes,1
1119,No,0
1120,No,0
1121,No,0
1122,Yes,1
1123,No,0
1124,No,0
1125,No,0
1126,No,0
1127,No,0
1128,No,0
1129,No,0
1130,No,0
1131,No,0
1132,No,0
1133,Yes,1
1134,No,0
1135,No,0
1136,No,0
1137,No,0
1138,Yes,1
1139,Yes,1
1140,No,0
1141,No,0
1142,No,0
1143,No,0
1144,No,0
1145,No,0
1146,No,0
1147,No,0
1148,No,0
1149,No,0
1150,No,0
1151,No,0
1152,No,0
1153,No,0
1154,No,0
1155,No,0
1156,No,0
1157,No,0
1158,No,0
1159,No,0
1160,No,0
1161,No,0
1162,No,0
1163,No,0
1164,No,0
1165,No,0
1166,No,0
1167,No,0
1168,No,0
1169,No,0
1170,No,0
1171,No,0
1172,No,0
1173,No,0
1174,No,0
1175,No,0
1176,No,0
1177,No,0
1178,No,0
1179,No,0
1180,No,0
1181,Yes,1
1182,No,0
1183,No,0
1184,No,0
1185,Yes,1
1186,No,0
1187,Yes,1
1188,No,0
1189,No,0
1190,No,0
1191,No,0
1192,No,0
1193,No,0
1194,No,0
1195,Yes,1
1196,No,0
1197,No,0
1198,No,0
1199,No,0
1200,No,0
1201,No,0
1202,No,0
1203,No,0
1204,Yes,1
1205,No,0
1206,No,0
1207,No,0
1208,No,0
1209,No,0
1210,No,0
1211,No,0
1212,No,0
1213,Yes,1
1214,No,0
1215,Yes,1
1216,No,0
1217,No,0
1218,No,0
1219,No,0
1220,No,0
1221,No,0
1222,No,0
1223,No,0
1224,No,0
1225,No,0
1226,No,0
1227,Yes,1
1228,No,0
1229,No,0
1230,No,0
1231,No,0
1232,No,0
1233,No,0
1234,Yes,1
1235,No,0
1236,No,0
1237,Yes,1
1238,No,0
1239,Yes,1
1240,No,0
1241,No,0
1242,No,0
1243,No,0
1244,No,0
1245,No,0
1246,Yes,1
1247,Yes,1
1248,No,0
1249,Yes,1
1250,No,0
1251,No,0
1252,No,0
1253,No,0
1254,No,0
1255,Yes,1
1256,No,0
1257,No,0
1258,Yes,1
1259,No,0
1260,No,0
1261,No,0
1262,No,0
1263,Yes,1
1264,Yes,1
1265,No,0
1266,No,0
1267,No,0
1268,No,0
1269,No,0
1270,No,0
1271,No,0
1272,No,0
1273,No,0
1274,No,0
1275,No,0
1276,No,0
1277,No,0
1278,No,0
1279,No,0
1280,No,0
1281,No,0
1282,Yes,1
1283,No,0
1284,No,0
1285,No,0
1286,No,0
1287,No,0
1288,No,0
1289,No,0
1290,No,0
1291,No,0
1292,No,0
1293,No,0
1294,No,0
1295,No,0
1296,No,0
1297,No,0
1298,No,0
1299,No,0
1300,No,0
1301,No,0
1302,Yes,1
1303,No,0
1304,No,0
1305,No,0
1306,No,0
1307,No,0
1308,No,0
1309,No,0
1310,No,0
1311,No,0
1312,No,0
1313,Yes,1
1314,No,0
1315,Yes,1
1316,No,0
1317,No,0
1318,No,0
1319,No,0
1320,Yes,1
1321,No,0
1322,No,0
1323,No,0
1324,Yes,1
1325,No,0
1326,No,0
1327,No,0
1328,No,0
1329,No,0
1330,No,0
1331,No,0
1332,No,0
1333,No,0
1334,No,0
1335,Yes,1
1336,No,0
1337,Yes,1
1338,No,0
1339,Yes,1
1340,Yes,1
1341,No,0
1342,No,0
1343,No,0
1344,No,0
1345,Yes,1
1346,No,0
1347,No,0
1348,No,0
1349,Yes,1
1350,No,0
1351,No,0
1352,No,0
1353,Yes,1
1354,No,0
1355,No,0
1356,No,0
1357,No,0
1358,No,0
1359,No,0
1360,No,0
1361,No,0
1362,No,0
1363,No,0
1364,No,0
1365,No,0
1366,No,0
1367,No,0
1368,No,0
1369,No,0
1370,No,0
1371,No,0
1372,No,0
1373,No,0
1374,No,0
1375,No,0
1376,No,0
1377,No,0
1378,No,0
1379,No,0
1380,No,0
1381,No,0
1382,No,0
1383,No,0
1384,Yes,1
1385,No,0
1386,No,0
1387,No,0
1388,No,0
1389,No,0
1390,Yes,1
1391,No,0
1392,No,0
1393,No,0
1394,No,0
1395,Yes,1
1396,No,0
1397,No,0
1398,No,0
1399,No,0
1400,No,0
1401,No,0
1402,No,0
1403,No,0
1404,No,0
1405,Yes,1
1406,No,0
1407,No,0
1408,No,0
1409,No,0
1410,No,0
1411,No,0
1412,No,0
1413,No,0
1414,No,0
1415,No,0
1416,No,0
1417,Yes,1
1418,Yes,1
1419,No,0
1420,No,0
1421,No,0
1422,No,0
1423,Yes,1
1424,No,0
1425,No,0
1426,No,0
1427,Yes,1
1428,No,0
1429,Yes,1
1430,Yes,1
1431,No,0
1432,No,0
1433,No,0
1434,No,0
1435,No,0
1436,No,0
1437,No,0
1438,No,0
1439,No,0
1440,No,0
1441,No,0
1442,Yes,1
1443,No,0
1444,No,0
1445,No,0
1446,No,0
1447,Yes,1
1448,No,0
1449,Yes,1
1450,No,0
1451,No,0
1452,Yes,1
1453,No,0
1454,No,0
1455,No,0
1456,No,0
1457,No,0
1458,No,0
1459,No,0
1460,No,0
1461,No,0
1462,No,0
1463,Yes,1
1464,No,0
1465,No,0
1466,No,0
1467,No,0
1468,No,0
1469,No,0
1470,No,0
1471,No,0
1472,Yes,1
1473,No,0
1474,No,0
1475,No,0
1476,No,0
1477,Yes,1
1478,No,0
1479,No,0
1480,No,0
1481,No,0
1482,No,0
1483,No,0
1484,Yes,1
1485,No,0
1486,No,0
1487,No,0
1488,No,0
1489,No,0
1490,No,0
1491,No,0
1492,No,0
1493,No,0
1494,No,0
1495,No,0
1496,No,0
1497,No,0
1498,No,0
1499,Yes,1
1500,No,0
1501,Yes,1
1502,No,0
1503,No,0
1504,No,0
1505,No,0
1506,Yes,1
1507,No,0
1508,No,0
1509,Yes,1
1510,No,0
1511,No,0
1512,No,0
1513,No,0
1514,No,0
1515,No,0
1516,No,0
1517,No,0
1518,No,0
1519,No,0
1520,No,0
1521,No,0
1522,No,0
1523,No,0
1524,No,0
1525,No,0
1526,No,0
1527,No,0
1528,No,0
1529,No,0
1530,Yes,1
1531,No,0
1532,No,0
1533,No,0
1534,No,0
1535,No,0
1536,Yes,1
1537,No,0
1538,No,0
1539,No,0
1540,Yes,1
1541,No,0
1542,No,0
1543,No,0
1544,No,0
1545,No,0
1546,No,0
1547,No,0
1548,No,0
1549,Yes,1
1550,No,0
1551,No,0
1552,No,0
1553,No,0
1554,No,0
1555,No,0
1556,No,0
1557,No,0
1558,No,0
1559,No,0
1560,No,0
1561,No,0
1562,No,0
1563,No,0
1564,No,0
1565,No,0
1566,No,0
1567,No,0
1568,No,0
1569,No,0
1570,Yes,1
1571,No,0
1572,No,0
1573,No,0
1574,No,0
1575,No,0
1576,Yes,1
1577,No,0
1578,No,0
1579,Yes,1
1580,No,0
1581,Yes,1
1582,No,0
1583,Yes,1
1584,No,0
1585,No,0
1586,No,0
1587,No,0
1588,No,0
1589,No,0
1590,No,0
1591,Yes,1
1592,No,0
1593,No,0
1594,No,0
1595,Yes,1
1596,No,0
1597,No,0
1598,Yes,1
1599,No,0
1600,No,0
1601,No,0
1602,No,0
1603,No,0
1604,No,0
1605,No,0
1606,No,0
1607,No,0
1608,No,0
1609,No,0
1610,No,0
1611,No,0
1612,No,0
1613,No,0
1614,No,0
1615,No,0
1616,No,0
1617,No,0
1618,Yes,1
1619,No,0
1620,No,0
1621,No,0
1622,No,0
1623,No,0
1624,No,0
1625,No,0
1626,No,0
1627,Yes,1
1628,Yes,1
1629,No,0
1630,No,0
1631,No,0
1632,No,0
1633,No,0
1634,Yes,1
1635,Yes,1
1636,No,0
1637,No,0
1638,No,0
1639,No,0
1640,No,0
1641,No,0
1642,No,0
1643,No,0
1644,No,0
1645,No,0
1646,No,0
1647,No,0
1648,Yes,1
1649,Yes,1
1650,No,0
1651,No,0
1652,Yes,1
1653,Yes,1
1654,No,0
1655,No,0
1656,Yes,1
1657,No,0
1658,No,0
1659,No,0
1660,No,0
1661,No,0
1662,No,0
1663,No,0
1664,No,0
1665,No,0
1666,Yes,1
1667,No,0
1668,No,0
1669,No,0
1670,Yes,1
1671,No,0
1672,No,0
1673,No,0
1674,No,0
1675,No,0
1676,Yes,1
1677,No,0
1678,No,0
1679,No,0
1680,No,0
1681,No,0
1682,Yes,1
1683,No,0
1684,No,0
1685,No,0
1686,No,0
1687,No,0
1688,No,0
1689,No,0
1690,No,0
1691,No,0
1692,Yes,1
1693,Yes,1
1694,No,0
1695,Yes,1
1696,No,0
1697,No,0
1698,No,0
1699,No,0
1700,No,0
1701,No,0
1702,No,0
1703,No,0
1704,No,0
1705,No,0
1706,No,0
1707,No,0
1708,Yes,1
1709,No,0
1710,No,0
1711,No,0
1712,No,0
1713,No,0
1714,No,0
1715,No,0
1716,No,0
1717,Yes,1
1718,No,0
1719,No,0
1720,No,0
1721,No,0
1722,No,0
1723,No,0
1724,No,0
1725,No,0
1726,Yes,1
1727,Yes,1
1728,No,0
1729,No,0
1730,No,0
1731,No,0
1732,No,0
1733,No,0
1734,No,0
1735,No,0
1736,No,0
1737,No,0
1738,Yes,1
1739,No,0
1740,No,0
1741,Yes,1
1742,No,0
1743,No,0
1744,No,0
1745,No,0
1746,No,0
1747,No,0
1748,No,0
1749,No,0
1750,No,0
1751,No,0
1752,No,0
1753,Yes,1
1754,No,0
1755,No,0
1756,No,0
1757,No,0
1758,No,0
1759,No,0
1760,Yes,1
1761,No,0
1762,No,0
1763,No,0
1764,No,0
1765,No,0
1766,No,0
1767,No,0
1768,No,0
1769,No,0
1770,No,0
1771,No,0
1772,No,0
1773,No,0
1774,No,0
1775,Yes,1
1776,No,0
1777,No,0
1778,No,0
1779,Yes,1
1780,No,0
1781,Yes,1
1782,No,0
1783,No,0
1784,No,0
1785,No,0
1786,Yes,1
1787,No,0
1788,No,0
1789,No,0
1790,No,0
1791,No,0
1792,No,0
1793,No,0
1794,No,0
1795,No,0
1796,No,0
1797,No,0
1798,Yes,1
1799,No,0
1800,No,0
1801,No,0
1802,Yes,1
1803,No,0
1804,Yes,1
1805,No,0
1806,No,0
1807,No,0
1808,Yes,1
1809,No,0
1810,No,0
1811,Yes,1
1812,No,0
1813,No,0
1814,No,0
1815,No,0
1816,No,0
1817,No,0
1818,No,0
1819,No,0
1820,Yes,1
1821,Yes,1
1822,No,0
1823,No,0
1824,No,0
1825,No,0
1826,No,0
1827,Yes,1
1828,No,0
1829,No,0
1830,No,0
1831,No,0
1832,No,0
1833,No,0
1834,No,0
1835,No,0
1836,No,0
1837,No,0
1838,No,0
1839,No,0
1840,No,0
1841,No,0
1842,No,0
1843,No,0
1844,No,0
1845,No,0
1846,No,0
1847,No,0
1848,No,0
1849,Yes,1
1850,No,0
1851,No,0
1852,No,0
1853,No,0
1854,No,0
1855,No,0
1856,No,0
1857,No,0
1858,Yes,1
1859,No,0
1860,No,0
1861,No,0
1862,No,0
1863,No,0
1864,No,0
1865,No,0
1866,No,0
1867,No,0
1868,No,0
1869,Yes,1
1870,No,0
1871,No,0
1872,No,0
1873,Yes,1
1874,No,0
1875,Yes,1
1876,Yes,1
1877,No,0
1878,No,0
1879,Yes,1
1880,Yes,1
1881,No,0
1882,Yes,1
1883,No,0
1884,No,0
1885,No,0
1886,No,0
1887,No,0
1888,No,0
1889,No,0
1890,No,0
1891,No,0
1892,No,0
1893,No,0
1894,No,0
1895,No,0
1896,Yes,1
1897,No,0
1898,No,0
1899,No,0
1900,No,0
1901,Yes,1
1902,Yes,1
1903,No,0
1904,No,0
1905,No,0
1906,Yes,1
1907,No,0
1908,Yes,1
1909,No,0
1910,No,0
1911,No,0
1912,No,0
1913,Yes,1
1914,No,0
1915,No,0
1916,No,0
1917,No,0
1918,No,0
1919,Yes,1
1920,No,0
1921,No,0
1922,Yes,1
1923,No,0
1924,Yes,1
1925,No,0
1926,No,0
1927,No,0
1928,No,0
1929,No,0
1930,No,0
1931,No,0
1932,No,0
1933,Yes,1
1934,No,0
1935,No,0
1936,No,0
1937,No,0
1938,Yes,1
1939,No,0
1940,No,0
1941,No,0
1942,No,0
1943,No,0
1944,Yes,1
1945,Yes,1
1946,No,0
1947,No,0
1948,No,0
1949,No,0
1950,No,0
1951,No,0
1952,No,0
1953,No,0
1954,No,0
1955,No,0
1956,No,0
1957,Yes,1
1958,No,0
1959,No,0
1960,No,0
1961,Yes,1
1962,Yes,1
1963,No,0
1964,No,0
1965,Yes,1
1966,No,0
1967,No,0
1968,No,0
1969,No,0
1970,No,0
1971,No,0
1972,No,0
1973,No,0
1974,Yes,1
1975,Yes,1
1976,No,0
1977,No,0
1978,No,0
1979,No,0
1980,No,0
1981,No,0
1982,No,0
1983,No,0
1984,No,0
1985,No,0
1986,No,0
1987,No,0
1988,No,0
1989,Yes,1
1990,Yes,1
1991,No,0
1992,Yes,1
1993,Yes,1
1994,No,0
1995,No,0
1996,No,0
1997,No,0
1998,No,0
1999,No,0
2000,No,0
2001,No,0
2002,Yes,1
2003,No,0
2004,Yes,1
2005,Yes,1
2006,No,0
2007,No,0
2008,No,0
2009,Yes,1
2010,Yes,1
2011,Yes,1
2012,No,0
2013,Yes,1
2014,Yes,1
2015,No,0
2016,No,0
2017,No,0
2018,No,0
2019,No,0
2020,No,0
2021,No,0
2022,No,0
2023,No,0
2024,No,0
2025,No,0
2026,Yes,1
2027,No,0
2028,No,0
2029,No,0
2030,No,0
2031,No,0
2032,No,0
2033,No,0
2034,No,0
2035,No,0
2036,No,0
2037,No,0
2038,No,0
2039,No,0
2040,No,0
2041,Yes,1
2042,Yes,1
2043,No,0
2044,Yes,1
2045,No,0
2046,No,0
2047,No,0
2048,No,0
2049,Yes,1
2050,No,0
2051,Yes,1
2052,No,0
2053,No,0
2054,No,0
2055,Yes,1
2056,No,0
2057,No,0
2058,No,0
2059,No,0
2060,No,0
2061,No,0
2062,Yes,1
2063,No,0
2064,No,0
2065,No,0
2066,No,0
2067,No,0
2068,No,0
2069,No,0
2070,Yes,1
2071,No,0
2072,No,0
2073,Yes,1
2074,No,0
2075,No,0
2076,No,0
2077,Yes,1
2078,No,0
2079,No,0
2080,No,0
2081,No,0
2082,No,0
2083,No,0
2084,Yes,1
2085,No,0
2086,No,0
2087,No,0
2088,No,0
2089,No,0
2090,No,0
2091,No,0
2092,No,0
2093,No,0
2094,No,0
2095,No,0
2096,No,0
2097,No,0
2098,No,0
2099,No,0
2100,No,0
2101,No,0
2102,No,0
2103,No,0
2104,No,0
2105,Yes,1
2106,No,0
2107,No,0
2108,No,0
2109,No,0
2110,No,0
2111,No,0
2112,No,0
2113,No,0
2114,No,0
2115,No,0
2116,No,0
2117,No,0
2118,No,0
2119,No,0
2120,No,0
2121,No,0
2122,No,0
2123,No,0
2124,Yes,1
2125,No,0
2126,Yes,1
2127,No,0
2128,Yes,1
2129,No,0
2130,No,0
2131,No,0
2132,No,0
2133,No,0
2134,No,0
2135,No,0
2136,No,0
2137,No,0
2138,No,0
2139,No,0
2140,No,0
2141,Yes,1
2142,No,0
2143,No,0
2144,No,0
2145,Yes,1
2146,No,0
2147,No,0
2148,No,0
2149,No,0
2150,No,0
2151,No,0
2152,Yes,1
2153,Yes,1
2154,No,0
2155,No,0
2156,No,0
2157,No,0
2158,No,0
2159,Yes,1
2160,Yes,1
2161,No,0
2162,No,0
2163,No,0
2164,No,0
2165,Yes,1
2166,Yes,1
2167,No,0
2168,No,0
2169,No,0
2170,No,0
2171,No,0
2172,No,0
2173,No,0
2174,No,0
2175,No,0
2176,No,0
2177,No,0
2178,No,0
2179,Yes,1
2180,No,0
2181,No,0
2182,No,0
2183,No,0
2184,No,0
2185,No,0
2186,No,0
2187,No,0
2188,Yes,1
2189,No,0
2190,No,0
2191,No,0
2192,No,0
2193,Yes,1
2194,Yes,1
2195,No,0
2196,No,0
2197,No,0
2198,Yes,1
2199,No,0
2200,No,0
2201,No,0
2202,No,0
2203,No,0
2204,No,0
2205,No,0
2206,No,0
2207,No,0
2208,No,0
2209,No,0
2210,Yes,1
2211,No,0
2212,No,0
2213,No,0
2214,No,0
2215,No,0
2216,No,0
2217,No,0
2218,No,0
2219,Yes,1
2220,Yes,1
2221,No,0
2222,No,0
2223,No,0
2224,No,0
2225,Yes,1
2226,No,0
2227,No,0
2228,No,0
2229,Yes,1
2230,No,0
2231,No,0
2232,No,0
2233,No,0
2234,Yes,1
2235,No,0
2236,No,0
2237,No,0
2238,No,0
2239,No,0
2240,No,0
2241,No,0
2242,No,0
2243,No,0
2244,Yes,1
2245,Yes,1
2246,Yes,1
2247,No,0
2248,No,0
2249,Yes,1
2250,No,0
2251,No,0
2252,Yes,1
2253,No,0
2254,No,0
2255,No,0
2256,No,0
2257,No,0
2258,No,0
2259,No,0
2260,No,0
2261,No,0
2262,No,0
2263,No,0
2264,No,0
2265,No,0
2266,No,0
2267,No,0
2268,No,0
2269,Yes,1
2270,Yes,1
2271,Yes,1
2272,No,0
2273,Yes,1
2274,No,0
2275,No,0
2276,No,0
2277,No,0
2278,No,0
2279,No,0
2280,No,0
2281,Yes,1
2282,No,0
2283,No,0
2284,No,0
2285,No,0
2286,No,0
2287,No,0
2288,No,0
2289,No,0
2290,Yes,1
2291,No,0
2292,No,0
2293,No,0
2294,No,0
2295,No,0
2296,Yes,1
2297,No,0
2298,Yes,1
2299,No,0
2300,No,0
2301,No,0
2302,No,0
2303,No,0
2304,No,0
2305,No,0
2306,No,0
2307,No,0
2308,No,0
2309,No,0
2310,No,0
2311,No,0
2312,No,0
2313,No,0
2314,No,0
2315,No,0
2316,No,0
2317,No,0
2318,No,0
2319,Yes,1
2320,No,0
2321,No,0
2322,No,0
2323,Yes,1
2324,Yes,1
2325,Yes,1
2326,No,0
2327,No,0
2328,No,0
2329,No,0
2330,No,0
2331,No,0
2332,No,0
2333,No,0
2334,No,0
2335,No,0
2336,No,0
2337,No,0
2338,No,0
2339,No,0
2340,No,0
2341,No,0
2342,No,0
2343,No,0
2344,No,0
2345,No,0
2346,No,0
2347,No,0
2348,No,0
2349,Yes,1
2350,No,0
2351,No,0
2352,No,0
2353,No,0
2354,No,0
2355,No,0
2356,No,0
2357,No,0
2358,No,0
2359,No,0
2360,No,0
2361,No,0
2362,No,0
2363,No,0
2364,No,0
2365,No,0
2366,Yes,1
2367,No,0
2368,No,0
2369,No,0
2370,No,0
2371,No,0
2372,No,0
2373,No,0
2374,No,0
2375,Yes,1
2376,No,0
2377,No,0
2378,No,0
2379,No,0
2380,Yes,1
2381,No,0
2382,No,0
2383,No,0
2384,Yes,1
2385,No,0
2386,No,0
2387,No,0
2388,No,0
2389,No,0
2390,No,0
2391,No,0
2392,No,0
2393,No,0
2394,No,0
2395,No,0
2396,No,0
2397,No,0
2398,No,0
2399,Yes,1
2400,No,0
2401,No,0
2402,No,0
2403,No,0
2404,No,0
2405,No,0
2406,No,0
2407,No,0
2408,No,0
2409,No,0
2410,No,0
2411,No,0
2412,No,0
2413,No,0
2414,Yes,1
2415,No,0
2416,No,0
2417,Yes,1
2418,Yes,1
2419,No,0
2420,No,0
2421,No,0
2422,No,0
2423,No,0
2424,No,0
2425,No,0
2426,Yes,1
2427,No,0
2428,No,0
2429,No,0
2430,No,0
2431,No,0
2432,No,0
2433,No,0
2434,No,0
2435,Yes,1
2436,Yes,1
2437,No,0
2438,No,0
2439,No,0
2440,No,0
2441,No,0
2442,No,0
2443,No,0
2444,No,0
2445,No,0
2446,No,0
2447,No,0
2448,No,0
2449,Yes,1
2450,Yes,1
2451,No,0
2452,No,0
2453,No,0
2454,No,0
2455,No,0
2456,No,0
2457,No,0
2458,No,0
2459,Yes,1
2460,No,0
2461,No,0
2462,Yes,1
2463,No,0
2464,No,0
2465,No,0
2466,No,0
2467,No,0
2468,Yes,1
2469,No,0
2470,Yes,1
2471,No,0
2472,No,0
2473,No,0
2474,No,0
2475,Yes,1
2476,No,0
2477,No,0
2478,No,0
2479,No,0
2480,No,0
2481,No,0
2482,No,0
2483,No,0
2484,Yes,1
2485,No,0
2486,Yes,1
2487,No,0
2488,No,0
2489,No,0
2490,No,0
2491,No,0
2492,Yes,1
2493,No,0
2494,Yes,1
2495,No,0
2496,No,0
2497,No,0
2498,No,0
2499,No,0
2500,No,0
2501,No,0
2502,No,0
2503,Yes,1
2504,Yes,1
2505,No,0
2506,No,0
2507,No,0
2508,No,0
2509,No,0
2510,Yes,1
2511,Yes,1
2512,No,0
2513,No,0
2514,No,0
2515,No,0
2516,No,0
2517,No,0
2518,No,0
2519,No,0
2520,No,0
2521,No,0
2522,No,0
2523,No,0
2524,No,0
2525,Yes,1
2526,Yes,1
2527,No,0
2528,No,0
2529,No,0
2530,No,0
2531,No,0
2532,No,0
2533,No,0
2534,No,0
2535,No,0
2536,No,0
2537,No,0
2538,No,0
2539,Yes,1
2540,No,0
2541,No,0
2542,No,0
2543,No,0
2544,No,0
2545,Yes,1
2546,Yes,1
2547,No,0
2548,No,0
2549,No,0
2550,No,0
2551,Yes,1
2552,Yes,1
2553,No,0
2554,No,0
2555,No,0
2556,No,0
2557,No,0
2558,No,0
2559,No,0
2560,No,0
2561,No,0
2562,No,0
2563,No,0
2564,No,0
2565,No,0
2566,Yes,1
2567,Yes,1
2568,No,0
2569,No,0
2570,No,0
2571,No,0
2572,No,0
2573,No,0
2574,No,0
2575,No,0
2576,No,0
2577,No,0
2578,Yes,1
2579,No,0
2580,No,0
2581,No,0
2582,Yes,1
2583,No,0
2584,No,0
2585,No,0
2586,No,0
2587,No,0
2588,Yes,1
2589,No,0
2590,No,0
2591,No,0
2592,Yes,1
2593,No,0
2594,No,0
2595,No,0
2596,No,0
2597,No,0
2598,No,0
2599,No,0
2600,No,0
2601,No,0
2602,No,0
2603,Yes,1
2604,No,0
2605,No,0
2606,No,0
2607,No,0
2608,Yes,1
2609,Yes,1
2610,No,0
2611,No,0
2612,No,0
2613,No,0
2614,No,0
2615,No,0
2616,No,0
2617,No,0
2618,No,0
2619,No,0
2620,No,0
2621,No,0
2622,No,0
2623,No,0
2624,No,0
2625,No,0
2626,No,0
2627,No,0
2628,No,0
2629,No,0
2630,No,0
2631,No,0
2632,No,0
2633,No,0
2634,No,0
2635,No,0
2636,No,0
2637,No,0
2638,No,0
2639,No,0
2640,No,0
2641,No,0
2642,No,0
2643,No,0
2644,No,0
2645,No,0
2646,No,0
2647,No,0
2648,No,0
2649,No,0
2650,No,0
2651,Yes,1
2652,No,0
2653,No,0
2654,No,0
2655,Yes,1
2656,No,0
2657,Yes,1
2658,No,0
2659,No,0
2660,No,0
2661,No,0
2662,No,0
2663,No,0
2664,No,0
2665,Yes,1
2666,No,0
2667,No,0
2668,No,0
2669,No,0
2670,No,0
2671,No,0
2672,No,0
2673,No,0
2674,Yes,1
2675,No,0
2676,No,0
2677,No,0
2678,No,0
2679,No,0
2680,No,0
2681,No,0
2682,No,0
2683,Yes,1
2684,No,0
2685,Yes,1
2686,No,0
2687,No,0
2688,No,0
2689,No,0
2690,No,0
2691,No,0
2692,No,0
2693,No,0
2694,No,0
2695,No,0
2696,No,0
2697,Yes,1
2698,No,0
2699,No,0
2700,No,0
2701,No,0
2702,No,0
2703,No,0
2704,Yes,1
2705,No,0
2706,No,0
2707,Yes,1
2708,No,0
2709,Yes,1
2710,No,0
2711,No,0
2712,No,0
2713,No,0
2714,No,0
2715,No,0
2716,Yes,1
2717,Yes,1
2718,No,0
2719,Yes,1
2720,No,0
2721,No,0
2722,No,0
2723,No,0
2724,No,0
2725,Yes,1
2726,No,0
2727,No,0
2728,Yes,1
2729,No,0
2730,No,0
2731,No,0
2732,No,0
2733,Yes,1
2734,Yes,1
2735,No,0
2736,No,0
2737,No,0
2738,No,0
2739,No,0
2740,No,0
2741,No,0
2742,No,0
2743,No,0
2744,No,0
2745,No,0
2746,No,0
2747,No,0
2748,No,0
2749,No,0
2750,No,0
2751,No,0
2752,Yes,1
2753,No,0
2754,No,0
2755,No,0
2756,No,0
2757,No,0
2758,No,0
2759,No,0
2760,No,0
2761,No,0
2762,No,0
2763,No,0
2764,No,0
2765,No,0
2766,No,0
2767,No,0
2768,No,0
2769,No,0
2770,No,0
2771,No,0
2772,Yes,1
2773,No,0
2774,No,0
2775,No,0
2776,No,0
2777,No,0
2778,No,0
2779,No,0
2780,No,0
2781,No,0
2782,No,0
2783,Yes,1
2784,No,0
2785,Yes,1
2786,No,0
2787,No,0
2788,No,0
2789,No,0
2790,Yes,1
2791,No,0
2792,No,0
2793,No,0
2794,Yes,1
2795,No,0
2796,No,0
2797,No,0
2798,No,0
2799,No,0
2800,No,0
2801,No,0
2802,No,0
2803,No,0
2804,No,0
2805,Yes,1
2806,No,0
2807,Yes,1
2808,No,0
2809,Yes,1
2810,Yes,1
2811,No,0
2812,No,0
2813,No,0
2814,No,0
2815,Yes,1
2816,No,0
2817,No,0
2818,No,0
2819,Yes,1
2820,No,0
2821,No,0
2822,No,0
2823,Yes,1
2824,No,0
2825,No,0
2826,No,0
2827,No,0
2828,No,0
2829,No,0
2830,No,0
2831,No,0
2832,No,0
2833,No,0
2834,No,0
2835,No,0
2836,No,0
2837,No,0
2838,No,0
2839,No,0
2840,No,0
2841,No,0
2842,No,0
2843,No,0
2844,No,0
2845,No,0
2846,No,0
2847,No,0
2848,No,0
2849,No,0
2850,No,0
2851,No,0
2852,No,0
2853,No,0
2854,Yes,1
2855,No,0
2856,No,0
2857,No,0
2858,No,0
2859,No,0
2860,Yes,1
2861,No,0
2862,No,0
2863,No,0
2864,No,0
2865,Yes,1
2866,No,0
2867,No,0
2868,No,0
2869,No,0
2870,No,0
2871,No,0
2872,No,0
2873,No,0
2874,No,0
2875,Yes,1
2876,No,0
2877,No,0
2878,No,0
2879,No,0
2880,No,0
2881,No,0
2882,No,0
2883,No,0
2884,No,0
2885,No,0
2886,No,0
2887,Yes,1
2888,Yes,1
2889,No,0
2890,No,0
2891,No,0
2892,No,0
2893,Yes,1
2894,No,0
2895,No,0
2896,No,0
2897,Yes,1
2898,No,0
2899,Yes,1
2900,Yes,1
2901,No,0
2902,No,0
2903,No,0
2904,No,0
2905,No,0
2906,No,0
2907,No,0
2908,No,0
2909,No,0
2910,No,0
2911,No,0
2912,Yes,1
2913,No,0
2914,No,0
2915,No,0
2916,No,0
2917,Yes,1
2918,No,0
2919,Yes,1
2920,No,0
2921,No,0
2922,Yes,1
2923,No,0
2924,No,0
2925,No,0
2926,No,0
2927,No,0
2928,No,0
2929,No,0
2930,No,0
2931,No,0
2932,No,0
2933,Yes,1
2934,No,0
2935,No,0
2936,No,0
2937,No,0
2938,No,0
2939,No,0
2940,No,0
2941,No,0
2942,Yes,1
2943,No,0
2944,No,0
2945,No,0
2946,No,0
2947,Yes,1
2948,No,0
2949,No,0
2950,No,0
2951,No,0
2952,No,0
2953,No,0
2954,Yes,1
2955,No,0
2956,No,0
2957,No,0
2958,No,0
2959,No,0
2960,No,0
2961,No,0
2962,No,0
2963,No,0
2964,No,0
2965,No,0
2966,No,0
2967,No,0
2968,No,0
2969,Yes,1
2970,No,0
2971,Yes,1
2972,No,0
2973,No,0
2974,No,0
2975,No,0
2976,Yes,1
2977,No,0
2978,No,0
2979,Yes,1
2980,No,0
2981,No,0
2982,No,0
2983,No,0
2984,No,0
2985,No,0
2986,No,0
2987,No,0
2988,No,0
2989,No,0
2990,No,0
2991,No,0
2992,No,0
2993,No,0
2994,No,0
2995,No,0
2996,No,0
2997,No,0
2998,No,0
2999,No,0
3000,Yes,1
3001,No,0
3002,No,0
3003,No,0
3004,No,0
3005,No,0
3006,Yes,1
3007,No,0
3008,No,0
3009,No,0
3010,Yes,1
3011,No,0
3012,No,0
3013,No,0
3014,No,0
3015,No,0
3016,No,0
3017,No,0
3018,No,0
3019,Yes,1
3020,No,0
3021,No,0
3022,No,0
3023,No,0
3024,No,0
3025,No,0
3026,No,0
3027,No,0
3028,No,0
3029,No,0
3030,No,0
3031,No,0
3032,No,0
3033,No,0
3034,No,0
3035,No,0
3036,No,0
3037,No,0
3038,No,0
3039,No,0
3040,Yes,1
3041,No,0
3042,No,0
3043,No,0
3044,No,0
3045,No,0
3046,Yes,1
3047,No,0
3048,No,0
3049,Yes,1
3050,No,0
3051,Yes,1
3052,No,0
3053,Yes,1
3054,No,0
3055,No,0
3056,No,0
3057,No,0
3058,No,0
3059,No,0
3060,No,0
3061,Yes,1
3062,No,0
3063,No,0
3064,No,0
3065,Yes,1
3066,No,0
3067,No,0
3068,Yes,1
3069,No,0
3070,No,0
3071,No,0
3072,No,0
3073,No,0
3074,No,0
3075,No,0
3076,No,0
3077,No,0
3078,No,0
3079,No,0
3080,No,0
3081,No,0
3082,No,0
3083,No,0
3084,No,0
3085,No,0
3086,No,0
3087,No,0
3088,Yes,1
3089,No,0
3090,No,0
3091,No,0
3092,No,0
3093,No,0
3094,No,0
3095,No,0
3096,No,0
3097,Yes,1
3098,Yes,1
3099,No,0
3100,No,0
3101,No,0
3102,No,0
3103,No,0
3104,Yes,1
3105,Yes,1
3106,No,0
3107,No,0
3108,No,0
3109,No,0
3110,No,0
3111,No,0
3112,No,0
3113,No,0
3114,No,0
3115,No,0
3116,No,0
3117,No,0
3118,Yes,1
3119,Yes,1
3120,No,0
3121,No,0
3122,Yes,1
3123,Yes,1
3124,No,0
3125,No,0
3126,Yes,1
3127,No,0
3128,No,0
3129,No,0
3130,No,0
3131,No,0
3132,No,0
3133,No,0
3134,No,0
3135,No,0
3136,Yes,1
3137,No,0
3138,No,0
3139,No,0
3140,Yes,1
3141,No,0
3142,No,0
3143,No,0
3144,No,0
3145,No,0
3146,Yes,1
3147,No,0
3148,No,0
3149,No,0
3150,No,0
3151,No,0
3152,Yes,1
3153,No,0
3154,No,0
3155,No,0
3156,No,0
3157,No,0
3158,No,0
3159,No,0
3160,No,0
3161,No,0
3162,Yes,1
3163,Yes,1
3164,No,0
3165,Yes,1
3166,No,0
3167,No,0
3168,No,0
3169,No,0
3170,No,0
3171,No,0
3172,No,0
3173,No,0
3174,No,0
3175,No,0
3176,No,0
3177,No,0
3178,Yes,1
3179,No,0
3180,No,0
3181,No,0
3182,No,0
3183,No,0
3184,No,0
3185,No,0
3186,No,0
3187,Yes,1
3188,No,0
3189,No,0
3190,No,0
3191,No,0
3192,No,0
3193,No,0
3194,No,0
3195,No,0
3196,Yes,1
3197,Yes,1
3198,No,0
3199,No,0
3200,No,0
3201,No,0
3202,No,0
3203,No,0
3204,No,0
3205,No,0
3206,No,0
3207,No,0
3208,Yes,1
3209,No,0
3210,No,0
3211,Yes,1
3212,No,0
3213,No,0
3214,No,0
3215,No,0
3216,No,0
3217,No,0
3218,No,0
3219,No,0
3220,No,0
3221,No,0
3222,No,0
3223,Yes,1
3224,No,0
3225,No,0
3226,No,0
3227,No,0
3228,No,0
3229,No,0
3230,Yes,1
3231,No,0
3232,No,0
3233,No,0
3234,No,0
3235,No,0
3236,No,0
3237,No,0
3238,No,0
3239,No,0
3240,No,0
3241,No,0
3242,No,0
3243,No,0
3244,No,0
3245,Yes,1
3246,No,0
3247,No,0
3248,No,0
3249,Yes,1
3250,No,0
3251,Yes,1
3252,No,0
3253,No,0
3254,No,0
3255,No,0
3256,Yes,1
3257,No,0
3258,No,0
3259,No,0
3260,No,0
3261,No,0
3262,No,0
3263,No,0
3264,No,0
3265,No,0
3266,No,0
3267,No,0
3268,Yes,1
3269,No,0
3270,No,0
3271,No,0
3272,Yes,1
3273,No,0
3274,Yes,1
3275,No,0
3276,No,0
3277,No,0
3278,Yes,1
3279,No,0
3280,No,0
3281,Yes,1
3282,No,0
3283,No,0
3284,No,0
3285,No,0
3286,No,0
3287,No,0
3288,No,0
3289,No,0
3290,Yes,1
3291,Yes,1
3292,No,0
3293,No,0
3294,No,0
3295,No,0
3296,No,0
3297,Yes,1
3298,No,0
3299,No,0
3300,No,0
3301,No,0
3302,No,0
3303,No,0
3304,No,0
3305,No,0
3306,No,0
3307,No,0
3308,No,0
3309,No,0
3310,No,0
3311,No,0
3312,No,0
3313,No,0
3314,No,0
3315,No,0
3316,No,0
3317,No,0
3318,No,0
3319,Yes,1
3320,No,0
3321,No,0
3322,No,0
3323,No,0
3324,No,0
3325,No,0
3326,No,0
3327,No,0
3328,Yes,1
3329,No,0
3330,No,0
3331,No,0
3332,No,0
3333,No,0
3334,No,0
3335,No,0
3336,No,0
3337,No,0
3338,No,0
3339,Yes,1
3340,No,0
3341,No,0
3342,No,0
3343,Yes,1
3344,No,0
3345,Yes,1
3346,Yes,1
3347,No,0
3348,No,0
3349,Yes,1
3350,Yes,1
3351,No,0
3352,Yes,1
3353,No,0
3354,No,0
3355,No,0
3356,No,0
3357,No,0
3358,No,0
3359,No,0
3360,No,0
3361,No,0
3362,No,0
3363,No,0
3364,No,0
3365,No,0
3366,Yes,1
3367,No,0
3368,No,0
3369,No,0
3370,No,0
3371,Yes,1
3372,Yes,1
3373,No,0
3374,No,0
3375,No,0
3376,Yes,1
3377,No,0
3378,Yes,1
3379,No,0
3380,No,0
3381,No,0
3382,No,0
3383,Yes,1
3384,No,0
3385,No,0
3386,No,0
3387,No,0
3388,No,0
3389,Yes,1
3390,No,0
3391,No,0
3392,Yes,1
3393,No,0
3394,Yes,1
3395,No,0
3396,No,0
3397,No,0
3398,No,0
3399,No,0
3400,No,0
3401,No,0
3402,No,0
3403,Yes,1
3404,No,0
3405,No,0
3406,No,0
3407,No,0
3408,Yes,1
3409,No,0
3410,No,0
3411,No,0
3412,No,0
3413,No,0
3414,Yes,1
3415,Yes,1
3416,No,0
3417,No,0
3418,No,0
3419,No,0
3420,No,0
3421,No,0
3422,No,0
3423,No,0
3424,No,0
3425,No,0
3426,No,0
3427,Yes,1
3428,No,0
3429,No,0
3430,No,0
3431,Yes,1
3432,Yes,1
3433,No,0
3434,No,0
3435,Yes,1
3436,No,0
3437,No,0
3438,No,0
3439,No,0
3440,No,0
3441,No,0
3442,No,0
3443,No,0
3444,Yes,1
3445,Yes,1
3446,No,0
3447,No,0
3448,No,0
3449,No,0
3450,No,0
3451,No,0
3452,No,0
3453,No,0
3454,No,0
3455,No,0
3456,No,0
3457,No,0
3458,No,0
3459,Yes,1
3460,Yes,1
3461,No,0
3462,Yes,1
3463,Yes,1
3464,No,0
3465,No,0
3466,No,0
3467,No,0
3468,No,0
3469,No,0
3470,No,0
3471,No,0
3472,Yes,1
3473,No,0
3474,Yes,1
3475,Yes,1
3476,No,0
3477,No,0
3478,No,0
3479,Yes,1
3480,Yes,1
3481,Yes,1
3482,No,0
3483,Yes,1
3484,Yes,1
3485,No,0
3486,No,0
3487,No,0
3488,No,0
3489,No,0
3490,No,0
3491,No,0
3492,No,0
3493,No,0
3494,No,0
3495,No,0
3496,Yes,1
3497,No,0
3498,No,0
3499,No,0
3500,No,0
3501,No,0
3502,No,0
3503,No,0
3504,No,0
3505,No,0
3506,No,0
3507,No,0
3508,No,0
3509,No,0
3510,No,0
3511,Yes,1
3512,Yes,1
3513,No,0
3514,Yes,1
3515,No,0
3516,No,0
3517,No,0
3518,No,0
3519,Yes,1
3520,No,0
3521,Yes,1
3522,No,0
3523,No,0
3524,No,0
3525,Yes,1
3526,No,0
3527,No,0
3528,No,0
3529,No,0
3530,No,0
3531,No,0
3532,Yes,1
3533,No,0
3534,No,0
3535,No,0
3536,No,0
3537,No,0
3538,No,0
3539,No,0
3540,Yes,1
3541,No,0
3542,No,0
3543,Yes,1
3544,No,0
3545,No,0
3546,No,0
3547,Yes,1
3548,No,0
3549,No,0
3550,No,0
3551,No,0
3552,No,0
3553,No,0
3554,Yes,1
3555,No,0
3556,No,0
3557,No,0
3558,No,0
3559,No,0
3560,No,0
3561,No,0
3562,No,0
3563,No,0
3564,No,0
3565,No,0
3566,No,0
3567,No,0
3568,No,0
3569,No,0
3570,No,0
3571,No,0
3572,No,0
3573,No,0
3574,No,0
3575,Yes,1
3576,No,0
3577,No,0
3578,No,0
3579,No,0
3580,No,0
3581,No,0
3582,No,0
3583,No,0
3584,No,0
3585,No,0
3586,No,0
3587,No,0
3588,No,0
3589,No,0
3590,No,0
3591,No,0
3592,No,0
3593,No,0
3594,Yes,1
3595,No,0
3596,Yes,1
3597,No,0
3598,Yes,1
3599,No,0
3600,No,0
3601,No,0
3602,No,0
3603,No,0
3604,No,0
3605,No,0
3606,No,0
3607,No,0
3608,No,0
3609,No,0
3610,No,0
3611,Yes,1
3612,No,0
3613,No,0
3614,No,0
3615,Yes,1
3616,No,0
3617,No,0
3618,No,0
3619,No,0
3620,No,0
3621,No,0
3622,Yes,1
3623,Yes,1
3624,No,0
3625,No,0
3626,No,0
3627,No,0
3628,No,0
3629,Yes,1
3630,Yes,1
3631,No,0
3632,No,0
3633,No,0
3634,No,0
3635,Yes,1
3636,Yes,1
3637,No,0
3638,No,0
3639,No,0
3640,No,0
3641,No,0
3642,No,0
3643,No,0
3644,No,0
3645,No,0
3646,No,0
3647,No,0
3648,No,0
3649,Yes,1
3650,No,0
3651,No,0
3652,No,0
3653,No,0
3654,No,0
3655,No,0
3656,No,0
3657,No,0
3658,Yes,1
3659,No,0
3660,No,0
3661,No,0
3662,No,0
3663,Yes,1
3664,Yes,1
3665,No,0
3666,No,0
3667,No,0
3668,Yes,1
3669,No,0
3670,No,0
3671,No,0
3672,No,0
3673,No,0
3674,No,0
3675,No,0
3676,No,0
3677,No,0
3678,No,0
3679,No,0
3680,Yes,1
3681,No,0
3682,No,0
3683,No,0
3684,No,0
3685,No,0
3686,No,0
3687,No,0
3688,No,0
3689,Yes,1
3690,Yes,1
3691,No,0
3692,No,0
3693,No,0
3694,No,0
3695,Yes,1
3696,No,0
3697,No,0
3698,No,0
3699,Yes,1
3700,No,0
3701,No,0
3702,No,0
3703,No,0
3704,Yes,1
3705,No,0
3706,No,0
3707,No,0
3708,No,0
3709,No,0
3710,No,0
3711,No,0
3712,No,0
3713,No,0
3714,Yes,1
3715,Yes,1
3716,Yes,1
3717,No,0
3718,No,0
3719,Yes,1
3720,No,0
3721,No,0
3722,Yes,1
3723,No,0
3724,No,0
3725,No,0
3726,No,0
3727,No,0
3728,No,0
3729,No,0
3730,No,0
3731,No,0
3732,No,0
3733,No,0
3734,No,0
3735,No,0
3736,No,0
3737,No,0
3738,No,0
3739,Yes,1
3740,Yes,1
3741,Yes,1
3742,No,0
3743,Yes,1
3744,No,0
3745,No,0
3746,No,0
3747,No,0
3748,No,0
3749,No,0
3750,No,0
3751,Yes,1
3752,No,0
3753,No,0
3754,No,0
3755,No,0
3756,No,0
3757,No,0
3758,No,0
3759,No,0
3760,Yes,1
3761,No,0
3762,No,0
3763,No,0
3764,No,0
3765,No,0
3766,Yes,1
3767,No,0
3768,Yes,1
3769,No,0
3770,No,0
3771,No,0
3772,No,0
3773,No,0
3774,No,0
3775,No,0
3776,No,0
3777,No,0
3778,No,0
3779,No,0
3780,No,0
3781,No,0
3782,No,0
3783,No,0
3784,No,0
3785,No,0
3786,No,0
3787,No,0
3788,No,0
3789,Yes,1
3790,No,0
3791,No,0
3792,No,0
3793,Yes,1
3794,Yes,1
3795,Yes,1
3796,No,0
3797,No,0
3798,No,0
3799,No,0
3800,No,0
3801,No,0
3802,No,0
3803,No,0
3804,No,0
3805,No,0
3806,No,0
3807,No,0
3808,No,0
3809,No,0
3810,No,0
3811,No,0
3812,No,0
3813,No,0
3814,No,0
3815,No,0
3816,No,0
3817,No,0
3818,No,0
3819,Yes,1
3820,No,0
3821,No,0
3822,No,0
3823,No,0
3824,No,0
3825,No,0
3826,No,0
3827,No,0
3828,No,0
3829,No,0
3830,No,0
3831,No,0
3832,No,0
3833,No,0
3834,No,0
3835,No,0
3836,Yes,1
3837,No,0
3838,No,0
3839,No,0
3840,No,0
3841,No,0
3842,No,0
3843,No,0
3844,No,0
3845,Yes,1
3846,No,0
3847,No,0
3848,No,0
3849,No,0
3850,Yes,1
3851,No,0
3852,No,0
3853,No,0
3854,Yes,1
3855,No,0
3856,No,0
3857,No,0
3858,No,0
3859,No,0
3860,No,0
3861,No,0
3862,No,0
3863,No,0
3864,No,0
3865,No,0
3866,No,0
3867,No,0
3868,No,0
3869,Yes,1
3870,No,0
3871,No,0
3872,No,0
3873,No,0
3874,No,0
3875,No,0
3876,No,0
3877,No,0
3878,No,0
3879,No,0
3880,No,0
3881,No,0
3882,No,0
3883,No,0
3884,Yes,1
3885,No,0
3886,No,0
3887,Yes,1
3888,Yes,1
3889,No,0
3890,No,0
3891,No,0
3892,No,0
3893,No,0
3894,No,0
3895,No,0
3896,Yes,1
3897,No,0
3898,No,0
3899,No,0
3900,No,0
3901,No,0
3902,No,0
3903,No,0
3904,No,0
3905,Yes,1
3906,Yes,1
3907,No,0
3908,No,0
3909,No,0
3910,No,0
3911,No,0
3912,No,0
3913,No,0
3914,No,0
3915,No,0
3916,No,0
3917,No,0
3918,No,0
3919,Yes,1
3920,Yes,1
3921,No,0
3922,No,0
3923,No,0
3924,No,0
3925,No,0
3926,No,0
3927,No,0
3928,No,0
3929,Yes,1
3930,No,0
3931,No,0
3932,Yes,1
3933,No,0
3934,No,0
3935,No,0
3936,No,0
3937,No,0
3938,Yes,1
3939,No,0
3940,Yes,1
3941,No,0
3942,No,0
3943,No,0
3944,No,0
3945,Yes,1
3946,No,0
3947,No,0
3948,No,0
3949,No,0
3950,No,0
3951,No,0
3952,No,0
3953,No,0
3954,Yes,1
3955,No,0
3956,Yes,1
3957,No,0
3958,No,0
3959,No,0
3960,No,0
3961,No,0
3962,Yes,1
3963,No,0
3964,Yes,1
3965,No,0
3966,No,0
3967,No,0
3968,No,0
3969,No,0
3970,No,0
3971,No,0
3972,No,0
3973,Yes,1
3974,Yes,1
3975,No,0
3976,No,0
3977,No,0
3978,No,0
3979,No,0
3980,Yes,1
3981,Yes,1
3982,No,0
3983,No,0
3984,No,0
3985,No,0
3986,No,0
3987,No,0
3988,No,0
3989,No,0
3990,No,0
3991,No,0
3992,No,0
3993,No,0
3994,No,0
3995,Yes,1
3996,Yes,1
3997,No,0
3998,No,0
3999,No,0
4000,No,0
4001,No,0
4002,No,0
4003,No,0
4004,No,0
4005,No,0
4006,No,0
4007,No,0
4008,No,0
4009,Yes,1
4010,No,0
4011,No,0
4012,No,0
4013,No,0
4014,No,0
4015,Yes,1
4016,Yes,1
4017,No,0
4018,No,0
4019,No,0
4020,No,0
4021,Yes,1
4022,Yes,1
4023,No,0
4024,No,0
4025,No,0
4026,No,0
4027,No,0
4028,No,0
4029,No,0
4030,No,0
4031,No,0
4032,No,0
4033,No,0
4034,No,0
4035,No,0
4036,Yes,1
4037,Yes,1
4038,No,0
4039,No,0
4040,No,0
4041,No,0
4042,No,0
4043,No,0
4044,No,0
4045,No,0
4046,No,0
4047,No,0
4048,Yes,1
4049,No,0
4050,No,0
4051,No,0
4052,Yes,1
4053,No,0
4054,No,0
4055,No,0
4056,No,0
4057,No,0
4058,Yes,1
4059,No,0
4060,No,0
4061,No,0
4062,Yes,1
4063,No,0
4064,No,0
4065,No,0
4066,No,0
4067,No,0
4068,No,0
4069,No,0
4070,No,0
4071,No,0
4072,No,0
4073,Yes,1
4074,No,0
4075,No,0
4076,No,0
4077,No,0
4078,Yes,1
4079,Yes,1
4080,No,0
4081,No,0
4082,No,0
4083,No,0
4084,No,0
4085,No,0
4086,No,0
4087,No,0
4088,No,0
4089,No,0
4090,No,0
4091,No,0
4092,No,0
4093,No,0
4094,No,0
4095,No,0
4096,No,0
4097,No,0
4098,No,0
4099,No,0
4100,No,0
4101,No,0
4102,No,0
4103,No,0
4104,No,0
4105,No,0
4106,No,0
4107,No,0
4108,No,0
4109,No,0
4110,No,0
4111,No,0
4112,No,0
4113,No,0
4114,No,0
4115,No,0
4116,No,0
4117,No,0
4118,No,0
4119,No,0
4120,No,0
4121,Yes,1
4122,No,0
4123,No,0
4124,No,0
4125,Yes,1
4126,No,0
4127,Yes,1
4128,No,0
4129,No,0
4130,No,0
4131,No,0
4132,No,0
4133,No,0
4134,No,0
4135,Yes,1
4136,No,0
4137,No,0
4138,No,0
4139,No,0
4140,No,0
4141,No,0
4142,No,0
4143,No,0
4144,Yes,1
4145,No,0
4146,No,0
4147,No,0
4148,No,0
4149,No,0
4150,No,0
4151,No,0
4152,No,0
4153,Yes,1
4154,No,0
4155,Yes,1
4156,No,0
4157,No,0
4158,No,0
4159,No,0
4160,No,0
4161,No,0
4162,No,0
4163,No,0
4164,No,0
4165,No,0
4166,No,0
4167,Yes,1
4168,No,0
4169,No,0
4170,No,0
4171,No,0
4172,No,0
4173,No,0
4174,Yes,1
4175,No,0
4176,No,0
4177,Yes,1
4178,No,0
4179,Yes,1
4180,No,0
4181,No,0
4182,No,0
4183,No,0
4184,No,0
4185,No,0
4186,Yes,1
4187,Yes,1
4188,No,0
4189,Yes,1
4190,No,0
4191,No,0
4192,No,0
4193,No,0
4194,No,0
4195,Yes,1
4196,No,0
4197,No,0
4198,Yes,1
4199,No,0
4200,No,0
4201,No,0
4202,No,0
4203,Yes,1
4204,Yes,1
4205,No,0
4206,No,0
4207,No,0
4208,No,0
4209,No,0
4210,No,0
4211,No,0
4212,No,0
4213,No,0
4214,No,0
4215,No,0
4216,No,0
4217,No,0
4218,No,0
4219,No,0
4220,No,0
4221,No,0
4222,Yes,1
4223,No,0
4224,No,0
4225,No,0
4226,No,0
4227,No,0
4228,No,0
4229,No,0
4230,No,0
4231,No,0
4232,No,0
4233,No,0
4234,No,0
4235,No,0
4236,No,0
4237,No,0
4238,No,0
4239,No,0
4240,No,0
4241,No,0
4242,Yes,1
4243,No,0
4244,No,0
4245,No,0
4246,No,0
4247,No,0
4248,No,0
4249,No,0
4250,No,0
4251,No,0
4252,No,0
4253,Yes,1
4254,No,0
4255,Yes,1
4256,No,0
4257,No,0
4258,No,0
4259,No,0
4260,Yes,1
4261,No,0
4262,No,0
4263,No,0
4264,Yes,1
4265,No,0
4266,No,0
4267,No,0
4268,No,0
4269,No,0
4270,No,0
4271,No,0
4272,No,0
4273,No,0
4274,No,0
4275,Yes,1
4276,No,0
4277,Yes,1
4278,No,0
4279,Yes,1
4280,Yes,1
4281,No,0
4282,No,0
4283,No,0
4284,No,0
4285,Yes,1
4286,No,0
4287,No,0
4288,No,0
4289,Yes,1
4290,No,0
4291,No,0
4292,No,0
4293,Yes,1
4294,No,0
4295,No,0
4296,No,0
4297,No,0
4298,No,0
4299,No,0
4300,No,0
4301,No,0
4302,No,0
4303,No,0
4304,No,0
4305,No,0
4306,No,0
4307,No,0
4308,No,0
4309,No,0
4310,No,0
4311,No,0
4312,No,0
4313,No,0
4314,No,0
4315,No,0
4316,No,0
4317,No,0
4318,No,0
4319,No,0
4320,No,0
4321,No,0
4322,No,0
4323,No,0
4324,Yes,1
4325,No,0
4326,No,0
4327,No,0
4328,No,0
4329,No,0
4330,Yes,1
4331,No,0
4332,No,0
4333,No,0
4334,No,0
4335,Yes,1
4336,No,0
4337,No,0
4338,No,0
4339,No,0
4340,No,0
4341,No,0
4342,No,0
4343,No,0
4344,No,0
4345,Yes,1
4346,No,0
4347,No,0
4348,No,0
4349,No,0
4350,No,0
4351,No,0
4352,No,0
4353,No,0
4354,No,0
4355,No,0
4356,No,0
4357,Yes,1
4358,Yes,1
4359,No,0
4360,No,0
4361,No,0
4362,No,0
4363,Yes,1
4364,No,0
4365,No,0
4366,No,0
4367,Yes,1
4368,No,0
4369,Yes,1
4370,Yes,1
4371,No,0
4372,No,0
4373,No,0
4374,No,0
4375,No,0
4376,No,0
4377,No,0
4378,No,0
4379,No,0
4380,No,0
4381,No,0
4382,Yes,1
4383,No,0
4384,No,0
4385,No,0
4386,No,0
4387,Yes,1
4388,No,0
4389,Yes,1
4390,No,0
4391,No,0
4392,Yes,1
4393,No,0
4394,No,0
4395,No,0
4396,No,0
4397,No,0
4398,No,0
4399,No,0
4400,No,0
4401,No,0
4402,No,0
4403,Yes,1
4404,No,0
4405,No,0
4406,No,0
4407,No,0
4408,No,0
4409,No,0
4410,No,0
